{"section_name": "source_definition", "description" : "Source Definition", "steplist":
[
  {"step_name": "investigation_area_selected", "description" : "Define your investigation area", "state": 0},
  {"step_name": "housing_layer_loaded", "description" : "Load building outlines (\"Hausumringe\")", "state": 0},
  {"step_name": "building_coordinates_loaded", "description" : "Load building coordinates", "state": 0},
  {"step_name": "raster_loaded", "description" : "Load WMS source maps", "state": 0},
  {"step_name": "legend_created", "description" : "Capture WMS maps and create lookup tables", "state": 0}
]
}