{"section_name": "project_basics", "description": "Project Basics", "steplist":
[
  {"step_name": "ol_plugin_installed", "description": "Plugin 'OpenLayers' found and loaded", "state": 0},
  {"step_name": "pst_plugin_installed", "description": "Plugin 'Point Sampling Tool' found and loaded", "state": 0},
  {"step_name": "real_centroid_plugin_installed", "description": "Plugin 'realcentriod'  found and loaded", "state": 0},
  {"step_name": "project_created", "description": "Project Location and Basics defined and saved", "state": 0}
]
}
